,location,timeLabel,Life_expectancy,Fertility_rate,Birth_rate
204,Japan,2020,84.6879,1.293624,6.61
40,China,2020,78.0766,1.2805,8.597
409,United States of America,2020,77.4144,1.642763,10.939
327,Philippines,2020,72.1191,2.777428,22.039
368,Egypt,2020,70.9905,2.960197,23.051
163,India,2020,70.1499,2.051417,16.572
286,Pakistan,2020,66.2695,3.554763,27.967
122,Ethiopia,2020,65.3705,4.24288,32.78
81,Congo,2020,63.7852,4.234047,31.155
245,Nigeria,2020,52.887,5.309487,37.467
