Location,Year,Life_expectancy,Fertility_rate,Birth_rate
Japan,2020,84.6879,1.293624,6.61
China,2020,78.0766,1.2805,8.597
United States of America,2020,77.4144,1.642763,10.939
Philippines,2020,72.1191,2.777428,22.039
Egypt,2020,70.9905,2.960197,23.051
India,2020,70.1499,2.051417,16.572
Pakistan,2020,66.2695,3.554763,27.967
Ethiopia,2020,65.3705,4.24288,32.78
Congo,2020,63.7852,4.234047,31.155
Nigeria,2020,52.887,5.309487,37.467